dataset,horizon,model,MSE,MAE
ETTh1,96,PatchMLPTS_v2,0.41780808464859787,0.4452911588048385
ETTh1,96,PatchMLPTS_v2_NoPatching,0.424593389703783,0.4493131595593043
ETTh1,192,PatchMLPTS_v2,0.46889621131192005,0.48300673627644647
ETTh1,192,PatchMLPTS_v2_NoPatching,0.4747991062574941,0.4870722854115055
ETTh1,336,PatchMLPTS_v2,0.5273240790815235,0.5164955031387777
ETTh1,336,PatchMLPTS_v2_NoPatching,0.5154300066249076,0.5182109674988967
ETTh1,720,PatchMLPTS_v2,0.6498060763998424,0.5958067637257808
ETTh1,720,PatchMLPTS_v2_NoPatching,0.6698286239350779,0.61068612421943
ETTh2,96,PatchMLPTS_v2,0.1727442362169895,0.2910953623620973
ETTh2,96,PatchMLPTS_v2_NoPatching,0.17301802038603575,0.28455774975532316
ETTh2,192,PatchMLPTS_v2,0.20890594312479677,0.31989943545039107
ETTh2,192,PatchMLPTS_v2_NoPatching,0.2186628279647207,0.3253833604574651
ETTh2,336,PatchMLPTS_v2,0.22105819831974927,0.3416766503041448
ETTh2,336,PatchMLPTS_v2_NoPatching,0.21641029194046174,0.3270681532637778
ETTh2,720,PatchMLPTS_v2,0.28485793125316894,0.3828949111677734
ETTh2,720,PatchMLPTS_v2_NoPatching,0.2606094434243463,0.36890943474537424
