,,MAE,MAE,MAE,MSE,MSE,MSE
model,,PatchMLPTS,PatchMLPTS_ChannelMixing,PatchMLPTS_NoPatching,PatchMLPTS,PatchMLPTS_ChannelMixing,PatchMLPTS_NoPatching
dataset,horizon,,,,,,
ETTh1,96,0.6480724364971492,0.7103848411375345,0.4493131595593043,0.8140888380222633,0.9220894525177058,0.424593389703783
ETTh1,192,0.6726642304692438,0.7812113451391104,0.4870722854115055,0.857982889908116,1.1062789999596248,0.4747991062574941
ETTh1,336,0.6919743461240407,0.8002363774381437,0.5182109674988967,0.8980815514834316,1.1561912417646008,0.5154300066249076
ETTh1,720,0.7440487092800354,0.8375274372011535,0.61068612421943,0.9992902074860276,1.2153069654207551,0.6698286239350779
ETTh2,96,0.3227827081770049,0.4726830537057169,0.28455774975532316,0.20974089892871756,0.37441401914639694,0.17301802038603575
ETTh2,192,0.35947035725523785,0.5170734776154841,0.3253833604574651,0.25616175272712266,0.5279173454394409,0.2186628279647207
ETTh2,336,0.35326821833712335,0.5486061182690354,0.3270681532637778,0.24241187947984608,0.5252756951443885,0.21641029194046174
ETTh2,720,0.38249109943261306,0.6727552140696665,0.36890943474537424,0.27836650603272944,0.7589892517538106,0.2606094434243463
