dataset,lookback,horizon,model,MSE,MAE
ETTh1,96,96,DLinear,0.44102612908637806,0.4455845849978685
ETTh1,96,96,PatchMLPTS,0.42811787745485036,0.4532248568701324
ETTh1,96,192,DLinear,0.4888291120566451,0.48126127370973915
ETTh1,96,192,PatchMLPTS,0.4886265251508275,0.49319214562537744
ETTh1,96,336,DLinear,0.5353803160382629,0.5178722076230214
ETTh1,96,336,PatchMLPTS,0.5178369289140883,0.5130919616598668
ETTh1,96,720,DLinear,0.651527434252621,0.5944445373413715
ETTh1,96,720,PatchMLPTS,0.6733351996328947,0.6099790857525801
ETTh2,96,96,DLinear,0.16833417893867458,0.28127336134748454
ETTh2,96,96,PatchMLPTS,0.17689426029785227,0.2849786164149705
ETTh2,96,192,DLinear,0.1937504768408858,0.30513688340419676
ETTh2,96,192,PatchMLPTS,0.20255190286880884,0.3160518704912974
ETTh2,96,336,DLinear,0.2093625598060749,0.3223721572169308
ETTh2,96,336,PatchMLPTS,0.2172115651235599,0.3414447246303571
ETTh2,96,720,DLinear,0.2620751881644074,0.3726037515906359
ETTh2,96,720,PatchMLPTS,0.24924635553404634,0.35876857732119183
ETTm1,96,96,DLinear,0.355495049047033,0.3850331575125044
ETTm1,96,96,PatchMLPTS,0.38623801969933785,0.4040119220305787
ETTm1,96,192,DLinear,0.42220840410435156,0.4199236585150708
ETTm1,96,192,PatchMLPTS,0.43950391309165254,0.44032382049840013
ETTm1,96,336,DLinear,0.4942668498789277,0.4594047351111558
ETTm1,96,336,PatchMLPTS,0.4811644320150455,0.4685914974891926
ETTm1,96,720,DLinear,0.5515807809135278,0.5029444408305915
ETTm1,96,720,PatchMLPTS,0.526831584030527,0.5054043228625161
ETTm2,96,96,DLinear,0.12033621505798253,0.23437403846642135
ETTm2,96,96,PatchMLPTS,0.11986255518811317,0.23379030232691062
ETTm2,96,192,DLinear,0.14884101724231635,0.2630350630798619
ETTm2,96,192,PatchMLPTS,0.14582913683447646,0.2623108966839619
ETTm2,96,336,DLinear,0.17971007910531026,0.28783217179727577
ETTm2,96,336,PatchMLPTS,0.2088095685490569,0.3158127175478269
ETTm2,96,720,DLinear,0.22579457490586996,0.3278259902606558
ETTm2,96,720,PatchMLPTS,0.2651578171635488,0.3630859852018852
