seed,dataset,lookback,horizon,model,parameters,MSE,MAE
42,ETTh1,96,96,Linear,9312,0.44151396614244365,0.44577870699370636
42,ETTh1,96,96,NLinear,9312,0.446258831002456,0.4492403274785408
42,ETTh1,96,96,DLinear,18624,0.44102523467290305,0.445583479832937
42,ETTh1,96,96,PatchMLPTS,409952,0.8140888380222633,0.6480724364971492
42,ETTh1,96,96,PatchTST,416224,0.4285944741678441,0.45156461000442505
42,ETTh1,96,192,Linear,18624,0.4928209853030653,0.4847198418149954
42,ETTh1,96,192,NLinear,18624,0.5059433501351245,0.4896194952551166
42,ETTh1,96,192,DLinear,37248,0.49001713077525483,0.4825092049372651
42,ETTh1,96,192,PatchMLPTS,422336,0.857982889908116,0.6726642304692438
42,ETTh1,96,192,PatchTST,563776,0.4719914932822048,0.4823783017121829
42,ETTh1,96,336,Linear,32592,0.5364798733668149,0.5188334734516357
42,ETTh1,96,336,NLinear,32592,0.5503314887688843,0.5177888274973487
42,ETTh1,96,336,DLinear,65184,0.535380207348588,0.5178720330442568
42,ETTh1,96,336,PatchMLPTS,440912,0.8980815514834316,0.6919743461240407
42,ETTh1,96,336,PatchTST,785104,0.535976985700004,0.5283136799121574
42,ETTh1,96,720,Linear,69840,0.6576788643995921,0.5991068809666437
42,ETTh1,96,720,NLinear,69840,0.7075850697269154,0.6117666420418671
42,ETTh1,96,720,DLinear,139680,0.6515276057443369,0.5944450512807468
42,ETTh1,96,720,PatchMLPTS,490448,0.9992902074860276,0.7440487092800354
42,ETTh1,96,720,PatchTST,1375312,0.6275145790550146,0.5931760347737801
42,ETTh2,96,96,Linear,9312,0.1684146581062709,0.2819650584394163
42,ETTh2,96,96,NLinear,9312,0.17414533361819706,0.28407224210269827
42,ETTh2,96,96,DLinear,18624,0.1703913951225909,0.2815892405776306
42,ETTh2,96,96,PatchMLPTS,409952,0.20974089892871756,0.3227827081770049
42,ETTh2,96,96,PatchTST,416224,0.18198827063324383,0.29100284895972184
42,ETTh2,96,192,Linear,18624,0.19404756980921942,0.3081852603584919
42,ETTh2,96,192,NLinear,18624,0.20346556572223767,0.31011975862742813
42,ETTh2,96,192,DLinear,37248,0.19375134843300848,0.3051361228578757
42,ETTh2,96,192,PatchMLPTS,422336,0.25616175272712266,0.35947035725523785
42,ETTh2,96,192,PatchTST,563776,0.22378694958952236,0.3353742922261926
42,ETTh2,96,336,Linear,32592,0.21347329875340865,0.32951913835491786
42,ETTh2,96,336,NLinear,32592,0.23054209841414067,0.3320221527581443
42,ETTh2,96,336,DLinear,65184,0.2129465085896465,0.32814394758273824
42,ETTh2,96,336,PatchMLPTS,440912,0.24241187947984608,0.35326821833712335
42,ETTh2,96,336,PatchTST,785104,0.26151324859341535,0.36232126079202087
42,ETTh2,96,720,Linear,69840,0.26284999234622786,0.3736513422223066
42,ETTh2,96,720,NLinear,69840,0.298021428047048,0.38279788636982665
42,ETTh2,96,720,DLinear,139680,0.26663131170281756,0.3774864115518577
42,ETTh2,96,720,PatchMLPTS,490448,0.27836650603272944,0.38249109943261306
42,ETTh2,96,720,PatchTST,1375312,0.28402422252442505,0.3932484748881408
42,ETTm1,96,96,Linear,9312,0.3558839363040977,0.3849276019143482
42,ETTm1,96,96,NLinear,9312,0.36459059016197753,0.3923657408200132
42,ETTm1,96,96,DLinear,18624,0.35549440800874804,0.3850326265168991
42,ETTm1,96,96,PatchMLPTS,409952,0.8417273707287846,0.6302560747285502
42,ETTm1,96,96,PatchTST,416224,0.4420038401846384,0.4354439779658618
42,ETTm1,96,192,Linear,18624,0.4229839309973594,0.4205797391977066
42,ETTm1,96,192,NLinear,18624,0.43424533937003584,0.4274094933162242
42,ETTm1,96,192,DLinear,37248,0.4229766892295181,0.42082807751365636
42,ETTm1,96,192,PatchMLPTS,422336,0.8552614914017282,0.6372715724518884
42,ETTm1,96,192,PatchTST,563776,0.47634413579444745,0.46073573438239185
42,ETTm1,96,336,Linear,32592,0.4885039643924995,0.45685529152799426
42,ETTm1,96,336,NLinear,32592,0.5058427094248124,0.4646379294597395
42,ETTm1,96,336,DLinear,65184,0.49426672145488193,0.4594051099504945
42,ETTm1,96,336,PatchMLPTS,440912,0.8847250909288424,0.6549552075954326
42,ETTm1,96,336,PatchTST,785104,0.5089179426233063,0.48079866939662175
42,ETTm1,96,720,Linear,69840,0.552513600808421,0.5040951411665222
42,ETTm1,96,720,NLinear,69840,0.585079381649786,0.5182682274727356
42,ETTm1,96,720,DLinear,139680,0.5515805073780833,0.5029443188822682
42,ETTm1,96,720,PatchMLPTS,490448,0.9302356563368833,0.6787039597774674
42,ETTm1,96,720,PatchTST,1375312,0.5485849336568692,0.5159802789132855
42,ETTm2,96,96,Linear,9312,0.12068261187396229,0.2347698726933994
42,ETTm2,96,96,NLinear,9312,0.12288240673204497,0.23604080970546104
42,ETTm2,96,96,DLinear,18624,0.12091871576591574,0.2347185383123306
42,ETTm2,96,96,PatchMLPTS,409952,0.14902308590631028,0.27356800832429967
42,ETTm2,96,96,PatchTST,416224,0.11446346852277436,0.23112134133106094
42,ETTm2,96,192,Linear,18624,0.14732785819432676,0.2596109946961805
42,ETTm2,96,192,NLinear,18624,0.14896988927444696,0.2594771896701156
42,ETTm2,96,192,DLinear,37248,0.1490026937539761,0.26312351085327484
42,ETTm2,96,192,PatchMLPTS,422336,0.17324047521793798,0.2941596082453326
42,ETTm2,96,192,PatchTST,563776,0.14565544511372353,0.26003072719434245
42,ETTm2,96,336,Linear,32592,0.1805919531308579,0.291627462199224
42,ETTm2,96,336,NLinear,32592,0.1826819477170622,0.28704196045209124
42,ETTm2,96,336,DLinear,65184,0.17970924114944423,0.2878301392197521
42,ETTm2,96,336,PatchMLPTS,440912,0.20738916811140912,0.3203441627807976
42,ETTm2,96,336,PatchTST,785104,0.19623596469561258,0.2958983776879349
42,ETTm2,96,720,Linear,69840,0.2273773069952959,0.3284795540641165
42,ETTm2,96,720,NLinear,69840,0.23832287713306158,0.3282280702940521
42,ETTm2,96,720,DLinear,139680,0.22622342920534097,0.3270327192384138
42,ETTm2,96,720,PatchMLPTS,490448,0.25581473562479784,0.35743913264322563
42,ETTm2,96,720,PatchTST,1375312,0.257997623886791,0.3595978318463918
