dataset,horizon,model,parameters,MSE,MAE
ETTm1,96,Linear,9312,0.3558839363040977,0.3849276019143482
ETTm1,96,NLinear,9312,0.36459059016197753,0.3923657408200132
ETTm1,96,DLinear,18624,0.35549440800874804,0.3850326265168991
ETTm1,96,PatchMLPTS_v2,498856,0.41836984298400237,0.4180800542809914
ETTm1,96,PatchTST,416224,0.4420038401846384,0.4354439779658618
ETTm1,192,Linear,18624,0.4229839309973594,0.4205797391977066
ETTm1,192,NLinear,18624,0.43424533937003584,0.4274094933162242
ETTm1,192,DLinear,37248,0.4229766892295181,0.42082807751365636
ETTm1,192,PatchMLPTS_v2,597256,0.4312008027366666,0.43558298703078385
ETTm1,192,PatchTST,563776,0.47634413579444745,0.46073573438239185
ETTm1,336,Linear,32592,0.4885039643924995,0.45685529152799426
ETTm1,336,NLinear,32592,0.5058427094248124,0.4646379294597395
ETTm1,336,DLinear,65184,0.49426672145488193,0.4594051099504945
ETTm1,336,PatchMLPTS_v2,744856,0.47674154250264855,0.46536937012207097
ETTm1,336,PatchTST,785104,0.5089179426233063,0.48079866939662175
ETTm1,720,Linear,69840,0.552513600808421,0.5040951411665222
ETTm1,720,NLinear,69840,0.585079381649786,0.5182682274727356
ETTm1,720,DLinear,139680,0.5515805073780833,0.5029443188822682
ETTm1,720,PatchMLPTS_v2,1138456,0.5236680196373042,0.506066946444797
ETTm1,720,PatchTST,1375312,0.5485849336568692,0.5159802789132855
ETTm2,96,Linear,9312,0.12068261187396229,0.2347698726933994
ETTm2,96,NLinear,9312,0.12288240673204497,0.23604080970546104
ETTm2,96,DLinear,18624,0.12091871576591574,0.2347185383123306
ETTm2,96,PatchMLPTS_v2,498856,0.11848789190736102,0.23072192043382564
ETTm2,96,PatchTST,416224,0.11446346852277436,0.23112134133106094
ETTm2,192,Linear,18624,0.14732785819432676,0.2596109946961805
ETTm2,192,NLinear,18624,0.14896988927444696,0.2594771896701156
ETTm2,192,DLinear,37248,0.1490026937539761,0.26312351085327484
ETTm2,192,PatchMLPTS_v2,597256,0.1455017072639186,0.25892591445873947
ETTm2,192,PatchTST,563776,0.14565544511372353,0.26003072719434245
ETTm2,336,Linear,32592,0.1805919531308579,0.291627462199224
ETTm2,336,NLinear,32592,0.1826819477170622,0.28704196045209124
ETTm2,336,DLinear,65184,0.17970924114944423,0.2878301392197521
ETTm2,336,PatchMLPTS_v2,744856,0.18079235887202655,0.29114646001531513
ETTm2,336,PatchTST,785104,0.19623596469561258,0.2958983776879349
ETTm2,720,Linear,69840,0.2273773069952959,0.3284795540641165
ETTm2,720,NLinear,69840,0.23832287713306158,0.3282280702940521
ETTm2,720,DLinear,139680,0.22622342920534097,0.3270327192384138
ETTm2,720,PatchMLPTS_v2,1138456,0.2197167647605334,0.3217754129356154
ETTm2,720,PatchTST,1375312,0.257997623886791,0.3595978318463918
