dataset,horizon,model,MSE_mean,MSE_std,MAE_mean,MAE_std,parameters,n_seeds
ETTh1,96,DLinear,0.44028647976519,0.0014537430079065437,0.4456906834852114,0.0007866319594011252,18624,3
ETTh1,96,Linear,0.44355736451215577,0.0012209577272968917,0.4491053136452758,0.0010302005029915213,9312,3
ETTh1,96,NLinear,0.45055197479391457,0.0010213738611427694,0.4527343485343796,0.000895317967459082,9312,3
ETTh1,96,PatchMLPTS_v2,0.419538086193145,0.006914402606687864,0.4431435338545125,0.0029063263175096747,498856,3
ETTh1,96,PatchTST,0.4151526323348687,0.003814464799132743,0.4441203270948167,0.001901995790435581,416224,3
ETTh1,720,DLinear,0.652029129628385,0.0036203901125348007,0.5971416610457031,0.0024825318551748602,139680,3
ETTh1,720,Linear,0.6617390768507149,0.005899982879049882,0.6036962630001644,0.0032175942987719922,69840,3
ETTh1,720,NLinear,0.7107013928235396,0.00046884218889027616,0.6139095296425171,0.0005592164758824726,69840,3
ETTh1,720,PatchMLPTS_v2,0.6499761517277073,0.004943186250626138,0.5950648274314537,0.0018577771036214776,1138456,3
ETTh1,720,PatchTST,0.6463634337006735,0.005950388261240614,0.5999391460686587,0.0019425239198331385,1375312,3
ETTh2,96,DLinear,0.1687780482096243,0.0002919452552978664,0.282462938054808,0.0003278011816106065,18624,3
ETTh2,96,Linear,0.17262447546534965,0.001228228179683093,0.28636352916015734,0.001887947808412901,9312,3
ETTh2,96,NLinear,0.17500950250396885,0.0004946421995228373,0.285394262788605,0.00048260964565135925,9312,3
ETTh2,96,PatchMLPTS_v2,0.17415153340901512,0.0032023775616411496,0.2891874642923182,0.004767132934228918,498856,3
ETTh2,96,PatchTST,0.17600935411203533,0.006672106760621918,0.28810021096071087,0.003981332851736988,416224,3
ETTh2,720,DLinear,0.2664468513334288,0.0023208838692108354,0.3769377260172411,0.0018857868636208042,139680,3
ETTh2,720,Linear,0.2712299032529791,0.002884519099898522,0.3807104906711387,0.002368125271820459,69840,3
ETTh2,720,NLinear,0.2991967177978913,0.0006339980760998071,0.3838951657104135,0.0005210966434890441,69840,3
ETTh2,720,PatchMLPTS_v2,0.25360309530361164,0.006550363058451434,0.3592672398995222,0.0018725576299036964,1138456,3
ETTh2,720,PatchTST,0.2633466809355513,0.01299719982750802,0.37568914356005473,0.011263885290752472,1375312,3
ETTm1,96,DLinear,0.3558270997962709,0.000601477719898551,0.38565600374094283,0.0006772549314188848,18624,3
ETTm1,96,Linear,0.3571337405202853,0.0006988805534300513,0.38711547703989035,0.0005428194876022817,9312,3
ETTm1,96,NLinear,0.36254654926271784,0.002077683325873957,0.3901503935844361,0.0019108087572760344,9312,3
ETTm1,96,PatchMLPTS_v2,0.4064662064293711,0.014591596031633174,0.4116019156700806,0.006577938573472795,498856,3
ETTm1,96,PatchTST,0.40482777911405265,0.02628862660527904,0.417050773637869,0.008488788156940723,416224,3
ETTm1,720,DLinear,0.5495217486255289,0.0016380155427667986,0.5020393212291093,0.0003795896263571908,139680,3
ETTm1,720,Linear,0.5510675401087548,0.0020529002632628584,0.5032338111395033,0.0015462710310243238,69840,3
ETTm1,720,NLinear,0.5835536859892844,0.0013520950870342509,0.5161390915904437,0.0012163766635576653,69840,3
ETTm1,720,PatchMLPTS_v2,0.5346105478131261,0.006721725713131069,0.5072051696719687,0.0022291441477112666,1138456,3
ETTm1,720,PatchTST,0.5517592489876858,0.012154337102633408,0.5175554435733299,0.00804603637759344,1375312,3
ETTm2,96,DLinear,0.12061036446728567,0.0002838759558836886,0.23466024068346117,0.0006847964906413776,18624,3
ETTm2,96,Linear,0.12163522377638386,0.0007119585533242542,0.2363303371969484,0.001185334692715251,9312,3
ETTm2,96,NLinear,0.12135645983107153,0.0003325401831833033,0.23394817493505807,0.0002201372484707872,9312,3
ETTm2,96,PatchMLPTS_v2,0.11710846803768381,0.001295549105695674,0.23251192743843327,0.000368892491919964,498856,3
ETTm2,96,PatchTST,0.11459362281531467,0.00019290180697740682,0.2286829664162101,0.0016596873003633713,416224,3
ETTm2,720,DLinear,0.2293134472076773,0.0035233445067787503,0.33330073616389955,0.005181403295145099,139680,3
ETTm2,720,Linear,0.23202082290068235,0.003920375820919935,0.33588066564029967,0.005611094127196932,69840,3
ETTm2,720,NLinear,0.2382029131412966,0.00033860560779473583,0.3282040946640959,0.00032575154566270333,69840,3
ETTm2,720,PatchMLPTS_v2,0.22869278955830852,0.0046078387945754865,0.331563149702317,0.006170576775071826,1138456,3
ETTm2,720,PatchTST,0.22764885539883292,0.004854312524692399,0.33253017154516606,0.004100071511389771,1375312,3
Electricity,96,DLinear,0.19581629869618122,6.495217572067258e-05,0.27800970978638123,3.309816120810362e-07,18624,2
Electricity,96,Linear,0.19585206632078045,1.4755021441517395e-05,0.2783076625603895,0.00025575075110478054,9312,2
Electricity,96,NLinear,0.19910254136932898,0.00017176346250294308,0.27633985073491196,6.507813411286117e-05,9312,2
Electricity,96,PatchMLPTS_v2,0.17663607041864,0.00408877069226177,0.2641104909148677,0.0029030056200505423,498856,2
Electricity,96,PatchTST,0.17154562629068626,0.000663397206340037,0.26049121781096185,0.0014653313614378962,416224,2
Electricity,720,DLinear,0.24172648359165494,0.00026009278086687703,0.328134288866403,0.0006325417509974202,139680,2
Electricity,720,Linear,0.2423576352111509,0.0003423452754906369,0.3295032853848001,0.0004397257016911951,69840,2
Electricity,720,NLinear,0.25382052142771305,4.361832903568358e-05,0.32618151186180716,6.155771894452526e-05,69840,2
Electricity,720,PatchMLPTS_v2,0.23706202680899435,0.002916619771703435,0.3214359289346061,0.0019440374933928435,1138456,2
Electricity,720,PatchTST,0.2315279538707587,8.245755051218339e-05,0.31775406833521913,0.0003742307314692665,1375312,2
