dataset,lookback,horizon,MAE_DLinear,MAE_PatchMLPTS,MSE_DLinear,MSE_PatchMLPTS,MSE_winner,MAE_winner,MSE_difference_%,MAE_difference_%
ETTh1,96,96,0.4455845849978685,0.4532248568701324,0.44102612908637806,0.42811787745485036,PatchMLPTS,DLinear,-2.926867770458001,1.7146625196426963
ETTh1,96,192,0.48126127370973915,0.49319214562537744,0.4888291120566451,0.4886265251508275,PatchMLPTS,DLinear,-0.04144329804034188,2.47908414148322
ETTh1,96,336,0.5178722076230214,0.5130919616598668,0.5353803160382629,0.5178369289140883,PatchMLPTS,PatchMLPTS,-3.2768083918350075,-0.9230551268807126
ETTh1,96,720,0.5944445373413715,0.6099790857525801,0.651527434252621,0.6733351996328947,DLinear,DLinear,3.3471753043353742,2.6132881093812768
ETTh2,96,96,0.28127336134748454,0.2849786164149705,0.16833417893867458,0.17689426029785227,DLinear,DLinear,5.085171302196559,1.3173146044600061
ETTh2,96,192,0.30513688340419676,0.3160518704912974,0.1937504768408858,0.20255190286880884,DLinear,DLinear,4.542660318276813,3.5770789048278404
ETTh2,96,336,0.3223721572169308,0.3414447246303571,0.2093625598060749,0.2172115651235599,DLinear,DLinear,3.7490014092086272,5.916319690286391
ETTh2,96,720,0.3726037515906359,0.35876857732119183,0.2620751881644074,0.24924635553404634,PatchMLPTS,PatchMLPTS,-4.895096220369077,-3.7131065402272725
ETTm1,96,96,0.3850331575125044,0.4040119220305787,0.355495049047033,0.38623801969933785,DLinear,DLinear,8.647932153968613,4.929124712449714
ETTm1,96,192,0.4199236585150708,0.44032382049840013,0.42220840410435156,0.43950391309165254,DLinear,DLinear,4.096438824800437,4.858064452826533
ETTm1,96,336,0.4594047351111558,0.4685914974891926,0.4942668498789277,0.4811644320150455,PatchMLPTS,DLinear,-2.6508793513244315,1.9997099890174161
ETTm1,96,720,0.5029444408305915,0.5054043228625161,0.5515807809135278,0.526831584030527,PatchMLPTS,DLinear,-4.486957801903686,0.48909617687834606
ETTm2,96,96,0.23437403846642135,0.23379030232691062,0.12033621505798253,0.11986255518811317,PatchMLPTS,PatchMLPTS,-0.39361373435347885,-0.24906177464462184
ETTm2,96,192,0.2630350630798619,0.2623108966839619,0.14884101724231635,0.14582913683447646,PatchMLPTS,PatchMLPTS,-2.023555377168976,-0.275311735029081
ETTm2,96,336,0.28783217179727577,0.3158127175478269,0.17971007910531026,0.2088095685490569,DLinear,DLinear,16.192463766428112,9.721132136076239
ETTm2,96,720,0.3278259902606558,0.3630859852018852,0.22579457490586996,0.2651578171635488,DLinear,DLinear,17.43320993167738,10.75570454715748
