dataset,lookback,horizon,model,parameters,MSE,MAE
ETTh1,96,96,PatchMLPTS,100752,0.4459498521236416,0.4614337077733494
ETTh1,96,96,PatchMLPTS_NoPatching,123872,0.42316313460221516,0.44654635752733257
ETTh1,96,96,PatchMLPTS_ChannelMixing,101088,0.4615015195401581,0.47361553094088366
ETTh1,96,192,PatchMLPTS,199152,0.4818874438539817,0.485544425614229
ETTh1,96,192,PatchMLPTS_NoPatching,136256,0.4689538685822985,0.4802548088628798
ETTh1,96,192,PatchMLPTS_ChannelMixing,199488,0.5261707781339516,0.5178968995936472
ETTh1,96,336,PatchMLPTS,346752,0.5387981886166283,0.5241715875899414
ETTh1,96,336,PatchMLPTS_NoPatching,154832,0.5267347242661083,0.5220400271594087
ETTh1,96,336,PatchMLPTS_ChannelMixing,347088,0.5677601934619522,0.546617907258526
ETTh1,96,720,PatchMLPTS,740352,0.6670765773391519,0.6060700224514743
ETTh1,96,720,PatchMLPTS_NoPatching,204368,0.6368737291508754,0.593379524547998
ETTh1,96,720,PatchMLPTS_ChannelMixing,740688,0.7186070100246715,0.6399059589064636
ETTh2,96,96,PatchMLPTS,100752,0.17230078449349082,0.28307829030862164
ETTh2,96,96,PatchMLPTS_NoPatching,123872,0.17844129034020245,0.2911687769280326
ETTh2,96,96,PatchMLPTS_ChannelMixing,101088,0.18295131657651387,0.31387802742986665
ETTh2,96,192,PatchMLPTS,199152,0.19850406006571897,0.3117604708528855
ETTh2,96,192,PatchMLPTS_NoPatching,136256,0.2047463631224521,0.3110319217266209
ETTh2,96,192,PatchMLPTS_ChannelMixing,199488,0.22512694781743706,0.35446226656829205
ETTh2,96,336,PatchMLPTS,346752,0.21706629677832218,0.33420495062575106
ETTh2,96,336,PatchMLPTS_NoPatching,154832,0.2104915350063389,0.3245154191061043
ETTh2,96,336,PatchMLPTS_ChannelMixing,347088,0.23534074337419816,0.3631486839975328
ETTh2,96,720,PatchMLPTS,740352,0.259561956768604,0.36603853802074043
ETTh2,96,720,PatchMLPTS_NoPatching,204368,0.24144221912318492,0.3443606891590125
ETTh2,96,720,PatchMLPTS_ChannelMixing,740688,0.2788262625587064,0.39838963096259883
