seed,dataset,horizon,model,parameters,MSE,MAE
42,ETTh1,96,Linear,9312,0.4432361404245813,0.4489314494056273
42,ETTh1,96,NLinear,9312,0.4517123563476382,0.4537644154314714
42,ETTh1,96,DLinear,18624,0.43957223205329,0.44540814942277124
42,ETTh1,96,PatchMLPTS_v2,498856,0.4271725112369876,0.44597419025178525
42,ETTh1,96,PatchTST,416224,0.416071323785336,0.4430407731187076
42,ETTh1,720,Linear,69840,0.6619635973530316,0.6033571809418639
42,ETTh1,720,NLinear,69840,0.7111421751618832,0.6140514958663826
42,ETTh1,720,DLinear,139680,0.6510187459795662,0.5965115088202088
42,ETTh1,720,PatchMLPTS_v2,1138456,0.6548486189895801,0.5967747961983698
42,ETTh1,720,PatchTST,1375312,0.6395151465796353,0.5982691700985369
42,ETTh2,96,Linear,9312,0.17221292133177854,0.2852178387701258
42,ETTh2,96,NLinear,9312,0.1753821245054802,0.28583737006314824
42,ETTh2,96,DLinear,18624,0.16863626652890867,0.2825485151430731
42,ETTh2,96,PatchMLPTS_v2,498856,0.17675099565303173,0.2894425782820059
42,ETTh2,96,PatchTST,416224,0.16948682005993873,0.28601703147274404
42,ETTh2,720,Linear,69840,0.2742830817284209,0.38328027832374145
42,ETTh2,720,NLinear,69840,0.29954725173528723,0.3841619286867563
42,ETTh2,720,DLinear,139680,0.2676350890808784,0.3777502926994352
42,ETTh2,720,PatchMLPTS_v2,1138456,0.25196524630771594,0.3612499386183778
42,ETTh2,720,PatchTST,1375312,0.2483875561742747,0.3626843306232481
42,ETTm1,96,Linear,9312,0.35765927009719195,0.3873663065727666
42,ETTm1,96,NLinear,9312,0.3647990736893027,0.3922689969703028
42,ETTm1,96,DLinear,18624,0.35644216254238614,0.3864354330276135
42,ETTm1,96,PatchMLPTS_v2,498856,0.39396778890334866,0.40492112326445096
42,ETTm1,96,PatchTST,416224,0.3762133749537674,0.40733250048974706
42,ETTm1,720,Linear,69840,0.5490415925533374,0.5022551204632775
42,ETTm1,720,NLinear,69840,0.584674114085174,0.5169144764240514
42,ETTm1,720,DLinear,139680,0.5482300489373259,0.5018513300373066
42,ETTm1,720,PatchMLPTS_v2,1138456,0.5269011081972966,0.5047084615690609
42,ETTm1,720,PatchTST,1375312,0.557255834931554,0.5217581686450657
42,ETTm2,96,Linear,9312,0.12103223514256824,0.23521910640552682
42,ETTm2,96,NLinear,9312,0.12166388014245551,0.2341202555391512
42,ETTm2,96,DLinear,18624,0.12093563451138054,0.23542744562812512
42,ETTm2,96,PatchMLPTS_v2,498856,0.11677696832932535,0.23255256041678454
42,ETTm2,96,PatchTST,416224,0.11454383579795405,0.22817897167456266
42,ETTm2,720,Linear,69840,0.23440737922395843,0.3386477007405857
42,ETTm2,720,NLinear,69840,0.2383711105111786,0.3284878507426846
42,ETTm2,720,DLinear,139680,0.2265461880456491,0.3287596693536418
42,ETTm2,720,PatchMLPTS_v2,1138456,0.23310099483771834,0.33867007820113115
42,ETTm2,720,PatchTST,1375312,0.23293770902395938,0.3371224256300232
43,ETTh1,96,Linear,9312,0.44252913296403634,0.4481731081414237
43,ETTh1,96,NLinear,9312,0.44978919006436247,0.45214305301471125
43,ETTh1,96,DLinear,18624,0.44195918576892534,0.44657956051985714
43,ETTh1,96,PatchMLPTS_v2,498856,0.4136971076040031,0.44016702951774067
43,ETTh1,96,PatchTST,416224,0.41842385576432883,0.446316458633182
43,ETTh1,720,Linear,69840,0.655730038591092,0.6006616378991345
43,ETTh1,720,NLinear,69840,0.7102087954903363,0.6132930126083032
43,ETTh1,720,DLinear,139680,0.6560473782739389,0.5998785434144267
43,ETTh1,720,PatchMLPTS_v2,1138456,0.6449651584196626,0.5930880851066961
43,ETTh1,720,PatchTST,1375312,0.6493050390861455,0.5994772977596812
43,ETTh2,96,Linear,9312,0.17165487520645514,0.28533017011070944
43,ETTh2,96,NLinear,9312,0.17519807220229106,0.28546537624465096
43,ETTh2,96,DLinear,18624,0.1685840702176311,0.28210083612834025
43,ETTh2,96,PatchMLPTS_v2,498856,0.17057423360994098,0.28429789679225603
43,ETTh2,96,PatchTST,416224,0.18282159576198154,0.2926909250603637
43,ETTh2,720,Linear,69840,0.2708561480603415,0.38023501692639755
43,ETTh2,720,NLinear,69840,0.2995780458611049,0.38422887077492274
43,ETTh2,720,DLinear,139680,0.26793301374501505,0.3782810122332769
43,ETTh2,720,PatchMLPTS_v2,1138456,0.24802707303106114,0.3575287952181998
43,ETTh2,720,PatchTST,1375312,0.26977951358096874,0.38236830466695493
43,ETTm1,96,Linear,9312,0.35634060036870707,0.38649260232009064
43,ETTm1,96,NLinear,9312,0.36213538724054817,0.3896247864454642
43,ETTm1,96,DLinear,18624,0.3557989405966492,0.3852111371942748
43,ETTm1,96,PatchMLPTS_v2,498856,0.4225009578068357,0.41807193413461363
43,ETTm1,96,PatchTST,416224,0.4103598005860441,0.42301711373309736
43,ETTm1,720,Linear,69840,0.5531463712258521,0.5050164381644835
43,ETTm1,720,NLinear,69840,0.5839350885224586,0.5167656259517847
43,ETTm1,720,DLinear,139680,0.5489710497430976,0.5017904133862828
43,ETTm1,720,PatchMLPTS_v2,1138456,0.5392430864752583,0.5089956677245251
43,ETTm1,720,PatchTST,1375312,0.560194361920292,0.5226298407789883
43,ETTm2,96,Linear,9312,0.12242064836953867,0.23757797349545176
43,ETTm2,96,NLinear,9312,0.12100349471924798,0.23370011115497366
43,ETTm2,96,DLinear,18624,0.12048287353634608,0.23411082607871075
43,ETTm2,96,PatchMLPTS_v2,498856,0.11853755808468038,0.2328588212315179
43,ETTm2,96,PatchTST,416224,0.11480653772387255,0.2305362301328618
43,ETTm2,720,Linear,69840,0.2341588520296026,0.33957080701341935
43,ETTm2,720,NLinear,69840,0.23781314144282056,0.3278483803898001
43,ETTm2,720,DLinear,139680,0.2332798396622584,0.33894483952910376
43,ETTm2,720,PatchMLPTS_v2,1138456,0.2290689917489934,0.3275684449044402
43,ETTm2,720,PatchTST,1375312,0.22661233734810177,0.33123103407820703
44,ETTh1,96,Linear,9312,0.4449068201478496,0.45021138338877636
44,ETTh1,96,NLinear,9312,0.450154377969743,0.4522955771569563
44,ETTh1,96,DLinear,18624,0.43932802147335476,0.4450843405130059
44,ETTh1,96,PatchMLPTS_v2,498856,0.4177446397384442,0.4432893817940117
44,ETTh1,96,PatchTST,416224,0.41096271745494156,0.4430037495325606
44,ETTh1,720,Linear,69840,0.6675235946080211,0.6070699701594949
44,ETTh1,720,NLinear,69840,0.7107532078183992,0.6143840804528654
44,ETTh1,720,DLinear,139680,0.64902126463165,0.595034930902474
44,ETTh1,720,PatchMLPTS_v2,1138456,0.6501146777738792,0.5953316009892953
44,ETTh1,720,PatchTST,1375312,0.6502701154362396,0.6020709703477581
44,ETTh2,96,Linear,9312,0.17400562985781545,0.28854257859963683
44,ETTh2,96,NLinear,9312,0.17444831080413545,0.2848800420580159
44,ETTh2,96,DLinear,18624,0.16911380788233327,0.2827394628930106
44,ETTh2,96,PatchMLPTS_v2,498856,0.17512937096407288,0.29382191780269257
44,ETTh2,96,PatchTST,416224,0.17571964651418587,0.28559267634902497
44,ETTh2,720,Linear,69840,0.2685504799701748,0.37861617676327736
44,ETTh2,720,NLinear,69840,0.2984648557972819,0.3832946976695614
44,ETTh2,720,DLinear,139680,0.26377245117439313,0.37478187311901134
44,ETTh2,720,PatchMLPTS_v2,1138456,0.2608169665720579,0.359022985861989
44,ETTh2,720,PatchTST,1375312,0.2718729730514105,0.3820147953899612
44,ETTm1,96,Linear,9312,0.357401351094957,0.387487522226814
44,ETTm1,96,NLinear,9312,0.3607051868583028,0.38855739733754124
44,ETTm1,96,DLinear,18624,0.35524019624977743,0.38532144100094023
44,ETTm1,96,PatchMLPTS_v2,498856,0.40292987257792895,0.4118126896111774
44,ETTm1,96,PatchTST,416224,0.42791016180234653,0.42080270669076286
44,ETTm1,720,Linear,69840,0.5510146565470748,0.5024298747907486
44,ETTm1,720,NLinear,69840,0.5820518553602206,0.5147371723954951
44,ETTm1,720,DLinear,139680,0.5513641471961634,0.5024762202637386
44,ETTm1,720,PatchMLPTS_v2,1138456,0.5376874487668235,0.5079113797223199
44,ETTm1,720,PatchTST,1375312,0.5378275501112116,0.5082783212959358
44,ETTm2,96,Linear,9312,0.12145278781704484,0.2361939316898667
44,ETTm2,96,NLinear,9312,0.12140200463151127,0.23402415811104943
44,ETTm2,96,DLinear,18624,0.12041258535413056,0.23444245034354788
44,ETTm2,96,PatchMLPTS_v2,498856,0.11601087769904582,0.2321244006669974
44,ETTm2,96,PatchTST,416224,0.1144304949241175,0.22733369744120596
44,ETTm2,720,Linear,69840,0.22749623744848607,0.32942348916689407
44,ETTm2,720,NLinear,69840,0.23842448746989076,0.328276052859803
44,ETTm2,720,DLinear,139680,0.22811431391512435,0.33219769960895323
44,ETTm2,720,PatchMLPTS_v2,1138456,0.22390838208821393,0.3284509260013797
44,ETTm2,720,PatchTST,1375312,0.22339651982443778,0.32923705492726807
42,Electricity,96,Linear,9312,0.19586249969649833,0.2784885056507893
42,Electricity,96,NLinear,9312,0.19898108626023317,0.27638586792485015
42,Electricity,96,DLinear,18624,0.1958622268200861,0.2780094757470389
42,Electricity,96,PatchMLPTS_v2,498856,0.1737448729354249,0.26205775595510733
42,Electricity,96,PatchTST,416224,0.1720147189539095,0.2615273635533199
42,Electricity,720,Linear,69840,0.2421155605453443,0.32919235235927236
42,Electricity,720,NLinear,69840,0.25378967861146795,0.3262250397423072
42,Electricity,720,DLinear,139680,0.24191039696074368,0.32858156342791695
42,Electricity,720,PatchMLPTS_v2,1138456,0.23912438842770864,0.3228105710290651
42,Electricity,720,PatchTST,1375312,0.23158626016388592,0.3180186894231694
43,Electricity,96,Linear,9312,0.1958416329450626,0.27812681946998985
43,Electricity,96,NLinear,9312,0.19922399647842498,0.2762938335449738
43,Electricity,96,DLinear,18624,0.19577037057227636,0.27800994382572364
43,Electricity,96,PatchMLPTS_v2,498856,0.1795272679018551,0.2661632258746281
43,Electricity,96,PatchTST,416224,0.17107653362746306,0.2594550720686038
43,Electricity,720,Linear,69840,0.24259970987695753,0.32981421841032804
43,Electricity,720,NLinear,69840,0.25385136424395827,0.3261379839813071
43,Electricity,720,DLinear,139680,0.2415425702225663,0.3276870143048891
43,Electricity,720,PatchMLPTS_v2,1138456,0.23499966519028015,0.3200612868401471
43,Electricity,720,PatchTST,1375312,0.23146964757763155,0.3174894472472688
